subcategories,urls
Christmas,https://www.poundwholesale.co.uk/seasonal/wholesale-christmas
Multi‑Purpose Cleaners,https://www.poundwholesale.co.uk/wholesale-cleaning/cleaning-wipes-sprays/multi-purpose-cleaners
Halloween,https://www.poundwholesale.co.uk/seasonal/wholesale-halloween
Dehumidifiers,https://www.poundwholesale.co.uk/wholesale-cleaning/dehumidifiers
Bin Liners & Refuse Sacks,https://www.poundwholesale.co.uk/kitchenware/wholesale-household-bags/bin-liners-refuse-sacks
Cleaning Pound Lines,https://www.poundwholesale.co.uk/pound-lines/cleaning-pound-lines
Baby Changing & Wipes,https://www.poundwholesale.co.uk/baby-supplies/wholesale-baby-changing-wipes
Bathroom Cleaners,https://www.poundwholesale.co.uk/wholesale-cleaning/cleaning-wipes-sprays/bathroom-cleaners
Pet Toys & Treats,https://www.poundwholesale.co.uk/pet-supplies/wholesale-pet-toys-treats
First Aid & Medical,https://www.poundwholesale.co.uk/health-beauty/wholesale-first-aid-medical
Kitchen Cleaners,https://www.poundwholesale.co.uk/wholesale-cleaning/cleaning-wipes-sprays/kitchen-cleaners
Plasters & Bandages,https://www.poundwholesale.co.uk/health-beauty/plasters-bandages
Hot Water Bottles,https://www.poundwholesale.co.uk/health-beauty/wholesale-hot-water-bottles
Foil,https://www.poundwholesale.co.uk/kitchenware/wholesale-foil
Cleaning Wipes & Sprays (view all),https://www.poundwholesale.co.uk/wholesale-cleaning/cleaning-wipes-sprays
Pest Control,https://www.poundwholesale.co.uk/homeware/wholesale-pest-control
De‑Icers & Winter Car Care,https://www.poundwholesale.co.uk/diy/wholesale-car-care/de-icer-scrapers-winter
Winter Essentials,https://www.poundwholesale.co.uk/seasonal/wholesale-winter-essentials
Dog Supplies,https://www.poundwholesale.co.uk/pet-supplies/wholesale-dog
Kitchenware Pound Lines,https://www.poundwholesale.co.uk/pound-lines/kitchenware-pound-lines
Garden Pest Killers,https://www.poundwholesale.co.uk/wholesale-garden/pest-killers-deterrents
Slime & Squish Toys,https://www.poundwholesale.co.uk/toys/wholesale-slime-squish-toys
Marksman Tools,https://www.poundwholesale.co.uk/diy/wholesale-marksman-tools
Dekton Power‑Tool Accessories,https://www.poundwholesale.co.uk/diy/wholesale-dekton-tools/dekton-power-tool-accessories
Spider‑Man Branded Toys,https://www.poundwholesale.co.uk/toys/wholesale-branded-toys/spider-man
Disney Branded Toys,https://www.poundwholesale.co.uk/toys/wholesale-branded-toys/disney
Star Wars Branded Toys,https://www.poundwholesale.co.uk/toys/wholesale-branded-toys/star-wars
Avengers Branded Toys,https://www.poundwholesale.co.uk/toys/wholesale-branded-toys/avengers
Peppa Pig Branded Toys,https://www.poundwholesale.co.uk/toys/wholesale-branded-toys/peppa-pig
Paw Patrol Branded Toys,https://www.poundwholesale.co.uk/toys/wholesale-branded-toys/paw-patrol
Baby Weaning & Feeding,https://www.poundwholesale.co.uk/baby-supplies/wholesale-baby-weaning-feeding
DIY Glues & Tapes,https://www.poundwholesale.co.uk/diy/wholesale-glue-adhesives-tape
Plastic & Disposable (view all),https://www.poundwholesale.co.uk/kitchenware/wholesale-plastic-disposable
Work Gloves (generic),https://www.poundwholesale.co.uk/diy/work-gloves
Work Gloves (Dekton),https://www.poundwholesale.co.uk/diy/wholesale-dekton-tools/dekton-working-gloves
Laundry Supplies,https://www.poundwholesale.co.uk/wholesale-cleaning/laundry
Envelopes,https://www.poundwholesale.co.uk/stationery/wholesale-envelopes
Household Bags (view all),https://www.poundwholesale.co.uk/kitchenware/wholesale-household-bags
Batteries,https://www.poundwholesale.co.uk/electrical/wholesale-batteries
Napkins (disposable),https://www.poundwholesale.co.uk/kitchenware/wholesale-plastic-disposable/wholesale-napkins
Disposable Cutlery,https://www.poundwholesale.co.uk/kitchenware/wholesale-plastic-disposable/wholesale-cutlery
Disposable Plates & Bowls,https://www.poundwholesale.co.uk/kitchenware/wholesale-plastic-disposable/wholesale-plates-bowls
Disposable Cups & Glasses,https://www.poundwholesale.co.uk/kitchenware/wholesale-plastic-disposable/wholesale-glasses-cups
Disposable Table Covers,https://www.poundwholesale.co.uk/kitchenware/wholesale-plastic-disposable/wholesale-table-covers
Straws,https://www.poundwholesale.co.uk/kitchenware/wholesale-plastic-disposable/wholesale-straws
Pens, Pencils & Markers,https://www.poundwholesale.co.uk/stationery/wholesale-pens-pencils-markers
Carrier Bags,https://www.poundwholesale.co.uk/kitchenware/wholesale-household-bags/carrier-bags
Food & Freezer Bags,https://www.poundwholesale.co.uk/kitchenware/wholesale-household-bags/food-freezer-bags
Pocket‑Money Toys,https://www.poundwholesale.co.uk/toys/wholesale-pocket-money-toys
Games & Activity Toys,https://www.poundwholesale.co.uk/toys/wholesale-games-activity-toys
Kids Art & Craft Toys,https://www.poundwholesale.co.uk/toys/wholesale-kids-art-craft-music-toys
Big Boys Toys & Gadgets,https://www.poundwholesale.co.uk/toys/wholesale-big-boys-toys-gadgets
Battery‑Operated Toys,https://www.poundwholesale.co.uk/toys/wholesale-battery-operated-toys
Garden Tools (view all),https://www.poundwholesale.co.uk/wholesale-garden/garden-tools
Action/Play Sets & Vehicles (view all),https://www.poundwholesale.co.uk/toys/wholesale-action-play-sets-vehicle-toys
Branded Toys (view all),https://www.poundwholesale.co.uk/toys/wholesale-branded-toys
Back‑To‑School Stationery,https://www.poundwholesale.co.uk/stationery/wholesale-stationery-back-to-school
Art & Craft (view all),https://www.poundwholesale.co.uk/stationery/wholesale-art-crafts
Craft Supplies,https://www.poundwholesale.co.uk/stationery/wholesale-art-crafts/craft-supplies
Colouring Pens & Pencils,https://www.poundwholesale.co.uk/stationery/wholesale-art-crafts/colouring-pens-pencils
Craft Glues & Adhesives,https://www.poundwholesale.co.uk/stationery/wholesale-art-crafts/glues
Paints & Brushes (craft),https://www.poundwholesale.co.uk/stationery/wholesale-art-crafts/paints-paint-brushes
Dough & Clay,https://www.poundwholesale.co.uk/stationery/wholesale-art-crafts/dough-clay
Colouring & Activity Books,https://www.poundwholesale.co.uk/stationery/wholesale-art-crafts/colouring-activity-books
Stickers & Sticker Books,https://www.poundwholesale.co.uk/stationery/wholesale-art-crafts/stickers-sticker-books
Notebooks & Notepads,https://www.poundwholesale.co.uk/stationery/wholesale-notebooks-notepads
Office Supplies,https://www.poundwholesale.co.uk/stationery/wholesale-office-supplies
Postal Supplies,https://www.poundwholesale.co.uk/stationery/wholesale-postal-supplies
Tapes, Glues & Luggage Tags,https://www.poundwholesale.co.uk/stationery/wholesale-tapes-glues-luggage-tags
Clips, Pins & Elastic Bands,https://www.poundwholesale.co.uk/stationery/wholesale-clips-pins-elastic-bands
Photography Supplies,https://www.poundwholesale.co.uk/stationery/wholesale-photography
Bingo Supplies,https://www.poundwholesale.co.uk/stationery/wholesale-bingo-supplies
Gift Wrap & Gift Bags,https://www.poundwholesale.co.uk/party-gift/wholesale-gift-wrap-bags
Partyware,https://www.poundwholesale.co.uk/party-gift/wholesale-partyware
Birthday Party Accessories,https://www.poundwholesale.co.uk/party-gift/wholesale-birthday-party-accessories
Gifts & Party Favours,https://www.poundwholesale.co.uk/party-gift/wholesale-gifts-toys
Outdoor Toys,https://www.poundwholesale.co.uk/toys/wholesale-outdoor-toys
Remote‑Control Toys,https://www.poundwholesale.co.uk/toys/remote-control-toys
Cars, Trucks & Racing Sets,https://www.poundwholesale.co.uk/toys/wholesale-action-play-sets-vehicle-toys/cars-trucks-racing-sets
Combat/ Military Toys,https://www.poundwholesale.co.uk/toys/wholesale-action-play-sets-vehicle-toys/combat-shooting-military
Animal Figure Playsets,https://www.poundwholesale.co.uk/toys/wholesale-action-play-sets-vehicle-toys/animals
Generic Action Figures,https://www.poundwholesale.co.uk/toys/wholesale-action-play-sets-vehicle-toys/action-figures
Beauty & Fashion Role‑Play,https://www.poundwholesale.co.uk/toys/wholesale-action-play-sets-vehicle-toys/beauty-fashion
DIY Building & Construction Toys,https://www.poundwholesale.co.uk/toys/wholesale-action-play-sets-vehicle-toys/diy-building-construction
Kitchen & Cooking Role‑Play,https://www.poundwholesale.co.uk/toys/wholesale-action-play-sets-vehicle-toys/kitchen-cooking
Firefighter Play Sets,https://www.poundwholesale.co.uk/toys/wholesale-action-play-sets-vehicle-toys/firefighters
Dolls & Soft Toys,https://www.poundwholesale.co.uk/toys/wholesale-dolls-soft-toys
Role‑Play & Dress‑Up,https://www.poundwholesale.co.uk/toys/wholesale-role-play-dress-up-toys
Baby & Pre‑School Toys,https://www.poundwholesale.co.uk/toys/wholesale-baby-pre-school-toys
Boys Toys (generic),https://www.poundwholesale.co.uk/toys/wholesale-boys-toys
Girls Toys (generic),https://www.poundwholesale.co.uk/toys/wholesale-girls-toys
Display Box Counter Toys,https://www.poundwholesale.co.uk/toys/wholesale-display-box-toys
Money Tins,https://www.poundwholesale.co.uk/toys/wholesale-money-tins
Small Kitchen Appliances,https://www.poundwholesale.co.uk/electrical/wholesale-small-kitchen-appliances
Lighting & Light Bulbs,https://www.poundwholesale.co.uk/electrical/wholesale-lighting-light-bulbs
Electric Fans,https://www.poundwholesale.co.uk/electrical/wholesale-electric-fans
Torches & Flashlights,https://www.poundwholesale.co.uk/electrical/wholesale-torches
Phone & Tablet Accessories,https://www.poundwholesale.co.uk/electrical/wholesale-phone-tablet-accessories
Computer Accessories,https://www.poundwholesale.co.uk/electrical/wholesale-computer-accessories
Electronic Accessories,https://www.poundwholesale.co.uk/electrical/wholesale-electronic-accessories
Heating Supplies,https://www.poundwholesale.co.uk/electrical/wholesale-heating-supplies
Socks & Footwear,https://www.poundwholesale.co.uk/clothing/wholesale-socks-footwear
Winter Textiles (Hats & Scarves),https://www.poundwholesale.co.uk/clothing/wholesale-winter-textiles
Hats & Gloves,https://www.poundwholesale.co.uk/clothing/hats-gloves
Umbrellas,https://www.poundwholesale.co.uk/clothing/wholesale-umbrellas
Clothing (Apparel),https://www.poundwholesale.co.uk/clothing/wholesale-clothing
Toy Pound Lines,https://www.poundwholesale.co.uk/pound-lines/toy-pound-lines
Stationery Pound Lines,https://www.poundwholesale.co.uk/pound-lines/stationery-pound-lines
DIY Pound Lines,https://www.poundwholesale.co.uk/pound-lines/diy-pound-lines
Homeware Pound Lines,https://www.poundwholesale.co.uk/pound-lines/homeware-pound-lines
Garden Pound Lines,https://www.poundwholesale.co.uk/pound-lines/garden-pound-lines
Pet Pound Lines,https://www.poundwholesale.co.uk/pound-lines/pet-pound-lines
Baby Pound Lines,https://www.poundwholesale.co.uk/pound-lines/baby-pound-lines
Health & Beauty Pound Lines,https://www.poundwholesale.co.uk/pound-lines/health-beauty-personal-care-pound-lines
Party & Gift Pound Lines,https://www.poundwholesale.co.uk/pound-lines/party-gift-pound-lines
Electrical Pound Lines,https://www.poundwholesale.co.uk/pound-lines/electrical-pound-lines
Seasonal Pound Lines,https://www.poundwholesale.co.uk/pound-lines/seasonal-pound-lines
Leisure & Hobbies Pound Lines,https://www.poundwholesale.co.uk/pound-lines/leisure-hobbies-pound-lines
Clothing Pound Lines,https://www.poundwholesale.co.uk/pound-lines/clothing-pound-lines
Vaping & Smoking,https://www.poundwholesale.co.uk/leisure-hobbies/wholesale-smoking
House Number Stickers Black & Silver,https://www.poundwholesale.co.uk/homeware/wholesale-house-gate-number-stickers/house-number-stickers-black-and-silver
House Number Stickers Black & Gold,https://www.poundwholesale.co.uk/homeware/wholesale-house-gate-number-stickers/house-number-stickers-black-and-gold
High Vis Yellow Wheelie Bin Numbers,https://www.poundwholesale.co.uk/homeware/wholesale-wheelie-bin-stickers-numbers/high-vis-yellow-wheelie-bin-stickers
High Vis Orange Wheelie Bin Numbers,https://www.poundwholesale.co.uk/homeware/wholesale-wheelie-bin-stickers-numbers/high-vis-orange-wheelie-bin-stickers
White Wheelie Bin Numbers,https://www.poundwholesale.co.uk/homeware/wholesale-wheelie-bin-stickers-numbers/white-wheelie-bin-stickers
Meadow Wheelie Bin Numbers,https://www.poundwholesale.co.uk/homeware/wholesale-wheelie-bin-stickers-numbers/meadow-bin-stickers
Wheelie Bin Stickers (View All),https://www.poundwholesale.co.uk/homeware/wholesale-wheelie-bin-stickers-numbers
House & Gate Number Stickers (View All),https://www.poundwholesale.co.uk/homeware/wholesale-house-gate-number-stickers
Coronation,https://www.poundwholesale.co.uk/seasonal/wholesale-coronation
View All Wholesale Pound Lines,https://www.poundwholesale.co.uk/pound-lines
View All Garden,https://www.poundwholesale.co.uk/wholesale-garden
Spades, Forks & Trowels,https://www.poundwholesale.co.uk/wholesale-garden/garden-tools/spades-forks-trowels
Secateurs, Shears & Loppers,https://www.poundwholesale.co.uk/wholesale-garden/garden-tools/secateurs-shears-loppers
Rakes & Brushes,https://www.poundwholesale.co.uk/wholesale-garden/garden-tools/rakes-brushes
Planting & Growing,https://www.poundwholesale.co.uk/wholesale-garden/planting-growing
Decorative & Novelty (Garden),https://www.poundwholesale.co.uk/wholesale-garden/decorative-novelty-items
Outdoor Lighting (Garden),https://www.poundwholesale.co.uk/wholesale-garden/outdoor-lighting
Bird Feeders (Garden),https://www.poundwholesale.co.uk/wholesale-garden/bird-feeders
BBQ & Picnic,https://www.poundwholesale.co.uk/wholesale-garden/barbecue-picnic
Hoses, Watering & Accessories,https://www.poundwholesale.co.uk/wholesale-garden/hoses-watering-accessories
Pegs & Clotheslines,https://www.poundwholesale.co.uk/wholesale-garden/pegs-clotheslines
Garden Wear,https://www.poundwholesale.co.uk/wholesale-garden/garden-wear
Shed & Garage Accessories,https://www.poundwholesale.co.uk/wholesale-garden/shed-garage
Twine & Garden Ties,https://www.poundwholesale.co.uk/wholesale-garden/twine-ties
Cycling,https://www.poundwholesale.co.uk/leisure-hobbies/wholesale-cycling
Sports, Gym & Fitness,https://www.poundwholesale.co.uk/leisure-hobbies/wholesale-sports-gym-fitness
Camping,https://www.poundwholesale.co.uk/leisure-hobbies/wholesale-camping
Travel Supplies,https://www.poundwholesale.co.uk/leisure-hobbies/wholesale-travel-supplies
View All Baby Supplies,https://www.poundwholesale.co.uk/baby-supplies
Baby & Infant Toys (Baby),https://www.poundwholesale.co.uk/baby-supplies/wholesale-baby-infant-toys
Baby Accessories,https://www.poundwholesale.co.uk/baby-supplies/wholesale-baby-accessories
Baby Shower,https://www.poundwholesale.co.uk/baby-supplies/wholesale-baby-shower
Baby Dummies & Soothers,https://www.poundwholesale.co.uk/baby-supplies/wholesale-dummies-soothers
Baby Teethers & Comforters,https://www.poundwholesale.co.uk/baby-supplies/wholesale-teethers-comforters
Window & Glass Cleaners,https://www.poundwholesale.co.uk/wholesale-cleaning/cleaning-wipes-sprays/window-glass-cleaners
Drain Cleaners & Unblockers,https://www.poundwholesale.co.uk/wholesale-cleaning/cleaning-wipes-sprays/drain-cleaners-unblockers
Floor & Carpet Cleaners,https://www.poundwholesale.co.uk/wholesale-cleaning/cleaning-wipes-sprays/floor-carpet-cleaners
Sponges, Scourers & Cloths,https://www.poundwholesale.co.uk/wholesale-cleaning/sponges-scourers-cloths
Brooms, Mops & Brushes,https://www.poundwholesale.co.uk/wholesale-cleaning/brooms-mops-brushes
Cleaning Gloves,https://www.poundwholesale.co.uk/wholesale-cleaning/household-gloves
Sinks & Drains Accessories,https://www.poundwholesale.co.uk/wholesale-cleaning/sinks-drains
Bins (Cleaning),https://www.poundwholesale.co.uk/wholesale-cleaning/bins-accessories
Bowls & Storage (Cleaning),https://www.poundwholesale.co.uk/wholesale-cleaning/bowls-storage
View All Kitchenware,https://www.poundwholesale.co.uk/kitchenware
Kitchen Utensils & Cutlery,https://www.poundwholesale.co.uk/kitchenware/wholesale-kitchen-utensils-cutlery
Crockery & Dinnerware,https://www.poundwholesale.co.uk/kitchenware/wholesale-crockery-dinnerware
Chopping Boards & Graters,https://www.poundwholesale.co.uk/kitchenware/wholesale-chopping-boards-graters
Cooking (Pots & Pans),https://www.poundwholesale.co.uk/kitchenware/wholesale-cooking
Baking,https://www.poundwholesale.co.uk/kitchenware/wholesale-baking
Storage Boxes & Containers,https://www.poundwholesale.co.uk/kitchenware/wholesale-storage-boxes-containers
Food Preparation Gadgets,https://www.poundwholesale.co.uk/kitchenware/wholesale-food-preparation
Mugs,https://www.poundwholesale.co.uk/kitchenware/wholesale-mugs
Drink Bottles & Flasks,https://www.poundwholesale.co.uk/kitchenware/drink-bottles-flasks
Food & Drink (Snacks),https://www.poundwholesale.co.uk/kitchenware/food-drink
View All Health & Beauty,https://www.poundwholesale.co.uk/health-beauty
Dental Care,https://www.poundwholesale.co.uk/health-beauty/wholesale-dental
Skin Care,https://www.poundwholesale.co.uk/health-beauty/wholesale-skin-care
Foot Care,https://www.poundwholesale.co.uk/health-beauty/wholesale-foot-care
Shoe Care,https://www.poundwholesale.co.uk/health-beauty/wholesale-shoe-care
Hair Care,https://www.poundwholesale.co.uk/health-beauty/wholesale-hair-care
Hayfever Relief,https://www.poundwholesale.co.uk/health-beauty/hayfever
Glasses & Optical,https://www.poundwholesale.co.uk/health-beauty/wholesale-optical
Hand & Nail Care,https://www.poundwholesale.co.uk/health-beauty/wholesale-hand-nail
Makeup Supplies,https://www.poundwholesale.co.uk/health-beauty/wholesale-makeup-supplies
Shaving & Hair Removal,https://www.poundwholesale.co.uk/health-beauty/wholesale-shaving-hair-removal
Toiletries,https://www.poundwholesale.co.uk/health-beauty/wholesale-toiletries
Hand Wash & Sanitisers,https://www.poundwholesale.co.uk/health-beauty/wholesale-hand-wash-sanitisers
Perfume & Fragrances,https://www.poundwholesale.co.uk/health-beauty/wholesale-perfume-fragrances
View All Homeware,https://www.poundwholesale.co.uk/homeware
Home Fragrances & Candles,https://www.poundwholesale.co.uk/homeware/wholesale-home-fragrance-candles-accessories
Artificial Flowers,https://www.poundwholesale.co.uk/homeware/wholesale-artificial-flowers
Sewing & Knitting Supplies,https://www.poundwholesale.co.uk/homeware/wholesale-sewing-knitting-supplies
Photo Frames,https://www.poundwholesale.co.uk/homeware/wholesale-photo-frames
Bathroom Accessories,https://www.poundwholesale.co.uk/homeware/wholesale-bathroom-accessories
Home Accessories (General),https://www.poundwholesale.co.uk/homeware/wholesale-home-accessories
View All DIY,https://www.poundwholesale.co.uk/diy
View All Dekton Tools,https://www.poundwholesale.co.uk/diy/wholesale-dekton-tools
Dekton Measuring & Levels,https://www.poundwholesale.co.uk/diy/wholesale-dekton-tools/dekton-measuring-levels
Dekton Hobby & Precision Tools,https://www.poundwholesale.co.uk/diy/wholesale-dekton-tools/dekton-hobby-precision
Dekton Miscellaneous Tools,https://www.poundwholesale.co.uk/diy/wholesale-dekton-tools/dekton-miscellaneous
Dekton Security & Hardware,https://www.poundwholesale.co.uk/diy/wholesale-dekton-tools/dekton-security-hardware
Dekton Pliers & Wrenches,https://www.poundwholesale.co.uk/diy/wholesale
Dekton Torches & Lighting,https://www.poundwholesale.co.uk/diy/wholesale-dekton-tools/dekton-torches-lighting
Dekton Striking Tools,https://www.poundwholesale.co.uk/diy/wholesale-dekton-tools/dekton-striking-tools
Dekton Woodworking,https://www.poundwholesale.co.uk/diy/wholesale-dekton-tools/dekton-woodworking
Dekton Building & Saws,https://www.poundwholesale.co.uk/diy/wholesale-dekton-tools/dekton-building-saws
Dekton Screwdrivers,https://www.poundwholesale.co.uk/diy/wholesale-dekton-tools/dekton-screwdrivers
Dekton Automotive Tools,https://www.poundwholesale.co.uk/diy/wholesale-dekton-tools/dekton-automotive
Dekton Plumbing & Engineering,https://www.poundwholesale.co.uk/diy/wholesale-dekton-tools/dekton-plumbing-engineering
Dekton Painting & Decorating,https://www.poundwholesale.co.uk/diy/wholesale-dekton-tools/dekton-painting-decorating
View All Hand Tools,https://www.poundwholesale.co.uk/diy/wholesale-hand-tools
Screwdrivers & Key Sets,https://www.poundwholesale.co.uk/diy/wholesale-hand-tools/screwdrivers-key-sets
Hammers,https://www.poundwholesale.co.uk/diy/wholesale-hand-tools/hammers
Measuring Tapes,https://www.poundwholesale.co.uk/diy/wholesale-hand-tools/measuring-tapes
Files & Chisels,https://www.poundwholesale.co.uk/diy/wholesale-hand-tools/files-and-chisels
Saw & Cutting,https://www.poundwholesale.co.uk/diy/wholesale-hand-tools/saw-cutting
Pliers (Hand Tools),https://www.poundwholesale.co.uk/diy/wholesale-hand-tools/pliers
Trowels & Scrapers,https://www.poundwholesale.co.uk/diy/wholesale-hand-tools/trowels-scrapers
Utility Knives,https://www.poundwholesale.co.uk/diy/wholesale-hand-tools/utility-knives
Drilling & Grinding,https://www.poundwholesale.co.uk/diy/drilling-and-grinding
Home Security,https://www.poundwholesale.co.uk/diy/wholesale-home-security
View All Painting & Decorating,https://www.poundwholesale.co.uk/diy/wholesale-painting-decorating
Paint Brushes,https://www.poundwholesale.co.uk/diy/wholesale-painting-decorating/paint-brushes
Paint Rollers & Trays,https://www.poundwholesale.co.uk/diy/wholesale-painting-decorating/paint-rollers-trays
Filling & Scraping,https://www.poundwholesale.co.uk/diy/wholesale-painting-decorating/filling-scraping
Surface Preparation,https://www.poundwholesale.co.uk/diy/wholesale-painting-decorating/surface-preparation
Decorating Tools,https://www.poundwholesale.co.uk/diy/wholesale-painting-decorating/decorating-tools
Dust Sheets & Protectors,https://www.poundwholesale.co.uk/diy/wholesale-painting-decorating/dust-sheets-protectors
Corner Braces,https://www.poundwholesale.co.uk/diy/corner-braces
Fasteners & Assortments,https://www.poundwholesale.co.uk/diy/fasteners-assortments
Screws & Nails,https://www.poundwholesale.co.uk/diy/screws-and-nails-new
Clamps,https://www.poundwholesale.co.uk/diy/clamps-new
DIY Torches,https://www.poundwholesale.co.uk/diy/wholesale-torches
Sealants & Paints,https://www.poundwholesale.co.uk/diy/wholesale-sealants-paints
Sprays & Chemicals,https://www.poundwholesale.co.uk/diy/wholesale-sprays-chemicals
View All Car Care Products,https://www.poundwholesale.co.uk/diy/wholesale-car-care
Car Bulbs & Fuses,https://www.poundwholesale.co.uk/diy/wholesale-car-care/car-bulbs-fuses
Mechanics Tools (Car),https://www.poundwholesale.co.uk/diy/wholesale-car-care/mechanics-tools
Car Cleaning & Air Fresheners,https://www.poundwholesale.co.uk/diy/wholesale-car-care/cleaning-air-fresheners
Pumps & Compressors,https://www.poundwholesale.co.uk/diy/wholesale-car-care/pumps-compressors
Car & Driving Accessories,https://www.poundwholesale.co.uk/diy/wholesale-car-care/car-driving-accessories
Pet Walking & Grooming,https://www.poundwholesale.co.uk/pet-supplies/wholesale-pet-walking-grooming
Cat Supplies,https://www.poundwholesale.co.uk/pet-supplies/wholesale-cat
Pet Bowls,https://www.poundwholesale.co.uk/pet-supplies/pet-bowls
Pet Beds,https://www.poundwholesale.co.uk/pet-supplies/wholesale-pet-beds
View All Stationery,https://www.poundwholesale.co.uk/stationery
Ring Binders & Folders,https://www.poundwholesale.co.uk/stationery/wholesale-ring-binders-folders
Computer Accessories (Stationery),https://www.poundwholesale.co.uk/stationery/wholesale-computer-accessories
View All Party & Gift,https://www.poundwholesale.co.uk/party-gift
View All Wholesale Clothing,https://www.poundwholesale.co.uk/clothing
Xmas Pets (Seasonal),https://www.poundwholesale.co.uk/seasonal/wholesale-xmas-pets
View All Seasonal,https://www.poundwholesale.co.uk/seasonal
UK Wholesale Information & Support,https://www.poundwholesale.co.uk/information-support
An Introduction to Wholesale,https://www.poundwholesale.co.uk/information-support/an-introduction-to-wholesale
What Is Wholesale?,https://www.poundwholesale.co.uk/information-support/an-introduction-to-wholesale/what-is-wholesale
Fast Moving Consumer Goods (FMCG),https://www.poundwholesale.co.uk/information-support/an-introduction-to-wholesale/fast-moving-consumer-goods
A Guide To Pound Lines,https://www.poundwholesale.co.uk/information-support/an-introduction-to-wholesale/a-guide-to-pound-lines
What Wholesale Items Sell Best?,https://www.poundwholesale.co.uk/information-support/an-introduction-to-wholesale/what-wholesale-items-sell-best
Why is Wholesale Cheaper?,https://www.poundwholesale.co.uk/information-support/an-introduction-to-wholesale/why-is-wholesale-cheaper
Will Brexit Change Wholesale?,https://www.poundwholesale.co.uk/information-support/an-introduction-to-wholesale/will-brexit-change-wholesale
Starting Your Business with Pound Wholesale,https://www.poundwholesale.co.uk/information-support/an-introduction-to-wholesale/starting-your-business
CDUs & FSDUs,https://www.poundwholesale.co.uk/information-support/an-introduction-to-wholesale/cdus-fsdus
How To Price Retail From Wholesale,https://www.poundwholesale.co.uk/information-support/an-introduction-to-wholesale/how-to-price-retail-from-wholesale
What Is Bulk‑Buying?,https://www.poundwholesale.co.uk/information-support/an-introduction-to-wholesale/what-is-bulk-buying
Pound Wholesale After Brexit,https://www.poundwholesale.co.uk/information-support/an-introduction-to-wholesale/pound-wholesale-after-brexit
Orders to Northern Ireland & ROI,https://www.poundwholesale.co.uk/information-support/an-introduction-to-wholesale/orders-to-northern-ireland-roi
Leading UK Car Boot Sales for Sellers,https://www.poundwholesale.co.uk/information-support/an-introduction-to-wholesale/leading-uk-car-boot-sales-for-sellers
B2B & B2C – Everything You Need To Know,https://www.poundwholesale.co.uk/information-support/an-introduction-to-wholesale/b2b-b2c-everything-you-need-to-know